Handle,Title,Body (HTML),Vendor,Product Category,Type,Tags,Published,Option1 Name,Option1 Value,Option2 Name,Option2 Value,Option3 Name,Option3 Value,Variant SKU,Variant Grams,Variant Inventory Tracker,Variant Inventory Policy,Variant Fulfillment Service,Variant Price,Variant Compare At Price,Variant Requires Shipping,Variant Taxable,Variant Barcode,Image Src,Image Position,Image Alt Text,Gift Card,SEO Title,SEO Description,Google Shopping / Google Product Category,Google Shopping / Gender,Google Shopping / Age Group,Google Shopping / MPN,Google Shopping / Condition,Google Shopping / Custom Product,Google Shopping / Custom Label 0,Google Shopping / Custom Label 1,Google Shopping / Custom Label 2,Google Shopping / Custom Label 3,Google Shopping / Custom Label 4,Variant Image,Variant Weight Unit,Variant Tax Code,Cost per item,Included / India,Included / International,Price / International,Compare At Price / International,Included / Mexico,Price / Mexico,Compare At Price / Mexico,Status
ai-generated-t-shirt-3,Ai generated T-shirt 3,<strong>Ai T-shirt</strong>,Burton,,T-shirt,"",true,Size,L,,,,,'22656210222859066356,0.0,,deny,manual,19.43,,true,true,,https://cdn.shopify.com/s/files/1/0724/9005/8008/products/mickey-mouse.jpg?v=1686229753,1,,false,,,,,,,,,,,,,,,kg,,,true,true,,,true,,,active
ai-generated-t-shirt-3,,,,,,,,,,,,,,,,,,,,,,,,https://cdn.shopify.com/s/files/1/0724/9005/8008/products/mickey-mouse_a01b3f17-51d8-45b5-a797-541e240853d4.jpg?v=1686229753,2,,,,,,,,,,,,,,,,,,,,,,,,,,,
ai-generated-t-shirt-4,Ai generated T-shirt 3,<strong>Ai T-shirt</strong>,Burton,,T-shirt,"",true,Size,L,,,,,'30546285624037921239,0.0,,deny,manual,19.43,,true,true,,https://cdn.shopify.com/s/files/1/0724/9005/8008/products/india.jpg?v=1686234145,1,,false,,,,,,,,,,,,,,,kg,,,true,true,,,true,,,active
ai-generated-t-shirt-4,,,,,,,,,,,,,,,,,,,,,,,,https://cdn.shopify.com/s/files/1/0724/9005/8008/products/india_8b72ad63-a5e7-4e4f-9bbc-d26022156340.jpg?v=1686234145,2,,,,,,,,,,,,,,,,,,,,,,,,,,,
ai-product-1,ai-product-1,"",vqtesting,,"","",true,Title,Default Title,,,,,'12345,0.0,shopify,deny,manual,10.00,,true,true,"",https://cdn.shopify.com/s/files/1/0724/9005/8008/files/image_2023_06_01T12_59_02_218Z_a21c876d-a9bf-4a97-8a8c-63af36495312.png?v=1685691868,1,,false,,,,,,,,,,,,,,,kg,,,true,true,,,true,,,active
amanedial,amanedial,<strong>Ai T-shirt</strong>,Printify,,T-shirt,"",true,Size,2XL,,,,,'16931742218160461114,0.0,,deny,manual,20.07,,true,true,,https://cdn.shopify.com/s/files/1/0724/9005/8008/products/amanedial.jpg?v=1686292100,1,,false,,,,,,,,,,,,,,,kg,,,true,true,,,true,,,active
amanedial,,,,,,,,,,,,,,,,,,,,,,,,https://cdn.shopify.com/s/files/1/0724/9005/8008/products/amanedial_c43961c3-6b86-4cd2-bd5d-c2be74422c18.jpg?v=1686292100,2,,,,,,,,,,,,,,,,,,,,,,,,,,,
barbie,barbie,<strong>Ai T-shirt</strong>,Printify,,T-shirt,hidden,true,Size,S,,,,,'26508537993495998183,0.0,,deny,manual,29.29,,true,true,,https://cdn.shopify.com/s/files/1/0724/9005/8008/products/barbie.jpg?v=1686996342,1,,false,,,,,,,,,,,,,,,kg,,,true,true,,,true,,,active
barbie,,,,,,,,,,,,,,,,,,,,,,,,https://cdn.shopify.com/s/files/1/0724/9005/8008/products/barbie_46856504-d77b-4719-90bf-f4bfc357a0f0.jpg?v=1686996342,2,,,,,,,,,,,,,,,,,,,,,,,,,,,
beast,beast,<strong>Ai T-shirt</strong>,Printify,,T-shirt,"",false,Size,M,,,,,'27125533539251956919,0.0,shopify,deny,manual,18.62,,true,true,"",https://cdn.shopify.com/s/files/1/0724/9005/8008/products/beast.jpg?v=1686293376,1,,false,,,,,,,,,,,,,,,kg,,,true,true,,,true,,,active
beast,,,,,,,,,,,,,,,,,,,,,,,,https://cdn.shopify.com/s/files/1/0724/9005/8008/products/beast_52f13a90-9777-4ae5-a03f-c4a52e5a6c97.jpg?v=1686293376,2,,,,,,,,,,,,,,,,,,,,,,,,,,,
canvas-gallery-wraps,Canvas Gallery Wraps,"Uplift any room's decor with art that's printed on top-quality canvas gallery wraps. Each wrap is made with finely textured, artist-grade cotton substrate which helps reproduce your image in outstanding clarity and detail. Available in multiple sizes, these closed back canvases are built with a patented, solid support face and are excellent for indoor use.<br><p>.: 100% cotton fabric (400gsm)<br>.: Horizontal, vertical and square options available<br>.: Closed MDF backing<br>.: Built with a patented solid support face<br>.: High image quality and detail<br>.: NB! For indoor use only</p>",Printify,,Canvas,"Art & Wall Decor, Canvas, Fall Picks, Hanging Hardware, Home & Living, Indoor, Top Spring Products, Valentine's Day promotion",true,Size,10″ x 8″,Depth,Premium Gallery Wraps (1.25″),,,'33068708259440222234,459.988022417,,deny,printify,0.00,,true,true,,https://cdn.shopify.com/s/files/1/0724/9005/8008/products/2e5677a215db3577ad20bf7dfa5aa3fd.jpg?v=1684137869,1,,false,,,,,,,,,,,,,,https://cdn.shopify.com/s/files/1/0724/9005/8008/products/2e5677a215db3577ad20bf7dfa5aa3fd.jpg?v=1684137869,lb,,10.32,true,true,,,true,,,active
canvas-gallery-wraps,,,,,,,,,,,,,,,,,,,,,,,,https://cdn.shopify.com/s/files/1/0724/9005/8008/products/56b858ceec1051bd7a5caa2115c01453.jpg?v=1684137869,2,,,,,,,,,,,,,,,,,,,,,,,,,,,
canvas-gallery-wraps,,,,,,,,,,,,,,,,,,,,,,,,https://cdn.shopify.com/s/files/1/0724/9005/8008/products/e05cb8aba3966570b3241138dbf8672d.jpg?v=1684137869,3,,,,,,,,,,,,,,,,,,,,,,,,,,,
canvas-gallery-wraps,,,,,,,,,,,,,,,,,,,,,,,,https://cdn.shopify.com/s/files/1/0724/9005/8008/products/733d9f91fc1ff743cee04f5404d89b7d.jpg?v=1684137869,4,,,,,,,,,,,,,,,,,,,,,,,,,,,
canvas-gallery-wraps,,,,,,,,,,,,,,,,,,,,,,,,https://cdn.shopify.com/s/files/1/0724/9005/8008/products/41432b75c8e784b60b88be45282301b1.jpg?v=1684137869,5,,,,,,,,,,,,,,,,,,,,,,,,,,,
canvas-gallery-wraps,,,,,,,,,,,,,,,,,,,,,,,,https://cdn.shopify.com/s/files/1/0724/9005/8008/products/6da29d15747ec731770b22c7c8f15a36.jpg?v=1684137874,6,,,,,,,,,,,,,,,,,,,,,,,,,,,
canvas-gallery-wraps,,,,,,,,,,,,,,,,,,,,,,,,https://cdn.shopify.com/s/files/1/0724/9005/8008/products/cb3b5fe514789a0886a94b561f8e3d54.jpg?v=1684137874,7,,,,,,,,,,,,,,,,,,,,,,,,,,,
canvas-gallery-wraps-1,Canvas Gallery Wraps,"Uplift any room's decor with art that's printed on top-quality canvas gallery wraps. Each wrap is made with finely textured, artist-grade cotton substrate which helps reproduce your image in outstanding clarity and detail. Available in multiple sizes, these closed back canvases are built with a patented, solid support face and are excellent for indoor use.<br><p>.: 100% cotton fabric (400gsm)<br>.: Horizontal, vertical and square options available<br>.: Closed MDF backing<br>.: Built with a patented solid support face<br>.: High image quality and detail<br>.: NB! For indoor use only</p>",Printify,,Canvas,"Art & Wall Decor, Canvas, Fall Picks, Hanging Hardware, Home & Living, Indoor, Top Spring Products, Valentine's Day promotion",true,Size,10″ x 8″,Depth,Premium Gallery Wraps (1.25″),,,'56100956086743864611,459.988022417,,deny,printify,17.22,,true,true,,https://cdn.shopify.com/s/files/1/0724/9005/8008/products/021191386099d19223c909583645f070.jpg?v=1684141341,1,,false,,,,,,,,,,,,,,https://cdn.shopify.com/s/files/1/0724/9005/8008/products/021191386099d19223c909583645f070.jpg?v=1684141341,lb,,10.32,true,true,,,true,,,active
canvas-gallery-wraps-1,,,,,,,,,,,,,,,,,,,,,,,,https://cdn.shopify.com/s/files/1/0724/9005/8008/products/a608e8253142cfa60d76f0332746a565.jpg?v=1684141341,2,,,,,,,,,,,,,,,,,,,,,,,,,,,
canvas-gallery-wraps-1,,,,,,,,,,,,,,,,,,,,,,,,https://cdn.shopify.com/s/files/1/0724/9005/8008/products/e05cb8aba3966570b3241138dbf8672d_8b4c6188-a0e2-479d-aa42-629d0d195ef3.jpg?v=1684141341,3,,,,,,,,,,,,,,,,,,,,,,,,,,,
canvas-gallery-wraps-1,,,,,,,,,,,,,,,,,,,,,,,,https://cdn.shopify.com/s/files/1/0724/9005/8008/products/11f9d2c2cae7ba4a0c8aca65e45c7194.jpg?v=1684141341,4,,,,,,,,,,,,,,,,,,,,,,,,,,,
canvas-gallery-wraps-1,,,,,,,,,,,,,,,,,,,,,,,,https://cdn.shopify.com/s/files/1/0724/9005/8008/products/736fc50bdd5ea87965095f3f1d353031.jpg?v=1684141341,5,,,,,,,,,,,,,,,,,,,,,,,,,,,
canvas-gallery-wraps-1,,,,,,,,,,,,,,,,,,,,,,,,https://cdn.shopify.com/s/files/1/0724/9005/8008/products/22586bc524036d1c6fe89959865ded08.jpg?v=1684141346,6,,,,,,,,,,,,,,,,,,,,,,,,,,,
canvas-gallery-wraps-1,,,,,,,,,,,,,,,,,,,,,,,,https://cdn.shopify.com/s/files/1/0724/9005/8008/products/0232d3f6806b0028b84ec7965a79b72e.jpg?v=1684141346,7,,,,,,,,,,,,,,,,,,,,,,,,,,,
car,car,<strong>Ai T-shirt</strong>,Printify,,T-shirt,hidden,true,Size,S,,,,,'27113059322455389514,0.0,,deny,manual,29.29,,true,true,,https://cdn.shopify.com/s/files/1/0724/9005/8008/products/car.jpg?v=1686995290,1,,false,,,,,,,,,,,,,,,kg,,,true,true,,,true,,,active
car,,,,,,,,,,,,,,,,,,,,,,,,https://cdn.shopify.com/s/files/1/0724/9005/8008/products/car_9b05217e-b606-4f7e-ba2b-3ee2c1cef26d.jpg?v=1686995290,2,,,,,,,,,,,,,,,,,,,,,,,,,,,
burton-custom-freestyle-151,Customizable T- shirt,<b>Now you can create t shirts with the help of AI</b>,Printify,,Snowboard,hidden,true,Title,Default Title,,,,,123347943y,0.0,shopify,deny,manual,12.00,,true,true,"",https://cdn.shopify.com/s/files/1/0724/9005/8008/files/image_2023_06_01T12_59_02_218Z.png?v=1685624388,1,,false,,,,,,,,,,,,,,,kg,,,true,true,,,true,,,active
devil,devil,<strong>Ai T-shirt</strong>,Printify,,T-shirt,"",true,Size,L,,,,,'13030341478346678963,0.0,,deny,manual,19.43,,true,true,,https://cdn.shopify.com/s/files/1/0724/9005/8008/products/devil.jpg?v=1686288669,1,,false,,,,,,,,,,,,,,,kg,,,true,true,,,true,,,active
devil,,,,,,,,,,,,,,,,,,,,,,,,https://cdn.shopify.com/s/files/1/0724/9005/8008/products/devil_c8e29e9b-ae05-4e10-bc63-b061a93aea2f.jpg?v=1686288669,2,,,,,,,,,,,,,,,,,,,,,,,,,,,
devil-1,devil,<strong>Ai T-shirt</strong>,Printify,,T-shirt,"",true,Size,L,,,,,'46630282948236289261,0.0,,deny,manual,19.43,,true,true,,https://cdn.shopify.com/s/files/1/0724/9005/8008/products/devil_30c15223-27b6-4ad1-aa4f-e0a50d0633e8.jpg?v=1686292494,1,,false,,,,,,,,,,,,,,,kg,,,true,true,,,true,,,active
devil-1,,,,,,,,,,,,,,,,,,,,,,,,https://cdn.shopify.com/s/files/1/0724/9005/8008/products/devil_d53c1128-e719-4f8e-ae8c-c9c16348c411.jpg?v=1686292494,2,,,,,,,,,,,,,,,,,,,,,,,,,,,
dragon,dragon,<strong>Ai T-shirt</strong>,Printify,,T-shirt,"",true,Size,M,,,,,'27996047216755291610,0.0,,deny,manual,30.32,,true,true,,https://cdn.shopify.com/s/files/1/0724/9005/8008/products/dragon.jpg?v=1686897007,1,,false,,,,,,,,,,,,,,,kg,,,true,true,,,true,,,active
dragon,,,,,,,,,,,,,,,,,,,,,,,,https://cdn.shopify.com/s/files/1/0724/9005/8008/products/dragon_d7e36f88-db2a-4f04-b75c-72456bc36f52.jpg?v=1686897007,2,,,,,,,,,,,,,,,,,,,,,,,,,,,
flash,flash,<strong>Ai T-shirt</strong>,Printify,,T-shirt,"",true,Size,L,,,,,'15002273705272552733,0.0,,deny,manual,31.12,,true,true,,https://cdn.shopify.com/s/files/1/0724/9005/8008/products/flash.jpg?v=1686747298,1,,false,,,,,,,,,,,,,,,kg,,,true,true,,,true,,,active
flash,,,,,,,,,,,,,,,,,,,,,,,,https://cdn.shopify.com/s/files/1/0724/9005/8008/products/flash_6117c26d-593c-4921-a5b7-591d3b3b99f7.jpg?v=1686747298,2,,,,,,,,,,,,,,,,,,,,,,,,,,,
godzilla,godzilla,<strong>Ai T-shirt</strong>,Printify,,T-shirt,"",true,Size,L,,,,,'28172389345116343542,0.0,,deny,manual,31.12,,true,true,,https://cdn.shopify.com/s/files/1/0724/9005/8008/products/godzilla.jpg?v=1686678136,1,,false,,,,,,,,,,,,,,,kg,,,true,true,,,true,,,active
godzilla,,,,,,,,,,,,,,,,,,,,,,,,https://cdn.shopify.com/s/files/1/0724/9005/8008/products/godzilla_905c8fe1-d991-4e80-a45f-8b85b9f06b7b.jpg?v=1686678136,2,,,,,,,,,,,,,,,,,,,,,,,,,,,
goku,Goku,<strong>Ai T-shirt</strong>,Printify,,T-shirt,"",true,Size,L,,,,,'29663467109128046389,0.0,,deny,manual,31.12,,true,true,,https://cdn.shopify.com/s/files/1/0724/9005/8008/products/goku.jpg?v=1686896651,1,,false,,,,,,,,,,,,,,,kg,,,true,true,,,true,,,active
goku,,,,,,,,,,,,,,,,,,,,,,,,https://cdn.shopify.com/s/files/1/0724/9005/8008/products/goku_ddbe5742-68ec-4086-8e2b-32d3c977ec41.jpg?v=1686896651,2,,,,,,,,,,,,,,,,,,,,,,,,,,,
krishna,krishna,<strong>Ai T-shirt</strong>,Printify,,T-shirt,"",true,Size,XL,,,,,'17614323349876360558,0.0,,deny,manual,19.64,,true,true,,https://cdn.shopify.com/s/files/1/0724/9005/8008/products/krishna.jpg?v=1686291716,1,,false,,,,,,,,,,,,,,,kg,,,true,true,,,true,,,active
krishna,,,,,,,,,,,,,,,,,,,,,,,,https://cdn.shopify.com/s/files/1/0724/9005/8008/products/krishna_99550ca1-742b-4283-a42c-0dd272f337ca.jpg?v=1686291716,2,,,,,,,,,,,,,,,,,,,,,,,,,,,
little-krishna,little krishna,<strong>Ai T-shirt</strong>,Printify,,T-shirt,"",true,Size,L,,,,,'23807003443246679877,0.0,,deny,manual,19.43,,true,true,,https://cdn.shopify.com/s/files/1/0724/9005/8008/products/little-krishna.jpg?v=1686292766,1,,false,,,,,,,,,,,,,,,kg,,,true,true,,,true,,,active
little-krishna,,,,,,,,,,,,,,,,,,,,,,,,https://cdn.shopify.com/s/files/1/0724/9005/8008/products/little-krishna_ae20efb0-e0fe-4f8a-b6b3-56ad764a8d6b.jpg?v=1686292766,2,,,,,,,,,,,,,,,,,,,,,,,,,,,
lucifer,lucifer,<strong>Ai T-shirt</strong>,Printify,,T-shirt,"",true,Size,L,,,,,'21777968598422263727,0.0,,deny,manual,19.43,,true,true,,https://cdn.shopify.com/s/files/1/0724/9005/8008/products/lucifer.jpg?v=1686290175,1,,false,,,,,,,,,,,,,,,kg,,,true,true,,,true,,,active
lucifer,,,,,,,,,,,,,,,,,,,,,,,,https://cdn.shopify.com/s/files/1/0724/9005/8008/products/lucifer_75b7e347-f583-44f1-a756-9bf8bfaee4db.jpg?v=1686290175,2,,,,,,,,,,,,,,,,,,,,,,,,,,,
skull,skull,<strong>Ai T-shirt</strong>,Printify,,T-shirt,"",true,Size,M,,,,,'19660235284489207591,0.0,,deny,manual,30.32,,true,true,,https://cdn.shopify.com/s/files/1/0724/9005/8008/products/skull.jpg?v=1686648393,1,,false,,,,,,,,,,,,,,,kg,,,true,true,,,true,,,active
skull,,,,,,,,,,,,,,,,,,,,,,,,https://cdn.shopify.com/s/files/1/0724/9005/8008/products/skull_fa1447ad-89d0-4def-a179-4cb0c5811bcd.jpg?v=1686648393,2,,,,,,,,,,,,,,,,,,,,,,,,,,,
spiderman-1,spiderman,<strong>Ai T-shirt</strong>,Printify,,T-shirt,"",true,Size,L,,,,,'26598518041594931362,0.0,,deny,manual,31.12,,true,true,,https://cdn.shopify.com/s/files/1/0724/9005/8008/products/spiderman_e62e3cc4-2ff8-4ecd-a586-31754984775c.jpg?v=1686749954,1,,false,,,,,,,,,,,,,,,kg,,,true,true,,,true,,,active
spiderman-1,,,,,,,,,,,,,,,,,,,,,,,,https://cdn.shopify.com/s/files/1/0724/9005/8008/products/spiderman_539d8b77-6748-429a-8ab6-c7e00ed1285a.jpg?v=1686749954,2,,,,,,,,,,,,,,,,,,,,,,,,,,,
spiderman-2,spiderman,<strong>Ai T-shirt</strong>,Printify,,T-shirt,"",true,Size,L,,,,,'28616685370520640944,0.0,,deny,manual,31.12,,true,true,,https://cdn.shopify.com/s/files/1/0724/9005/8008/products/spiderman_1d057c50-fc2d-4ebd-ab65-4ca6b666083b.jpg?v=1686896481,1,,false,,,,,,,,,,,,,,,kg,,,true,true,,,true,,,active
spiderman-2,,,,,,,,,,,,,,,,,,,,,,,,https://cdn.shopify.com/s/files/1/0724/9005/8008/products/spiderman_958dbd77-dfa6-48f2-9105-6029b8086e41.jpg?v=1686896481,2,,,,,,,,,,,,,,,,,,,,,,,,,,,
spiderman-3,spiderman,<strong>Ai T-shirt</strong>,Printify,,T-shirt,"",true,Size,L,,,,,'10311805813371247411,0.0,,deny,manual,31.12,,true,true,,https://cdn.shopify.com/s/files/1/0724/9005/8008/products/spiderman_02ddb8fd-49eb-4956-8017-2cf00b3c6449.jpg?v=1686988035,1,,false,,,,,,,,,,,,,,,kg,,,true,true,,,true,,,active
spiderman-3,,,,,,,,,,,,,,,,,,,,,,,,https://cdn.shopify.com/s/files/1/0724/9005/8008/products/spiderman_786c6550-eea9-491e-8acc-063146054277.jpg?v=1686988035,2,,,,,,,,,,,,,,,,,,,,,,,,,,,
spiderman-4,spiderman,<strong>Ai T-shirt</strong>,Printify,,T-shirt,"",true,Size,L,,,,,'11443004480239958825,0.0,,deny,manual,31.12,,true,true,,https://cdn.shopify.com/s/files/1/0724/9005/8008/products/spiderman_1fba05c1-4dcf-40a7-a644-546f054234ed.jpg?v=1686989276,1,,false,,,,,,,,,,,,,,,kg,,,true,true,,,true,,,active
spiderman-4,,,,,,,,,,,,,,,,,,,,,,,,https://cdn.shopify.com/s/files/1/0724/9005/8008/products/spiderman_06e3be75-4599-49f8-b2d7-481c64a186e2.jpg?v=1686989276,2,,,,,,,,,,,,,,,,,,,,,,,,,,,
spiderman,spiderman,<strong>Ai T-shirt</strong>,Printify,,T-shirt,hidden,true,Size,S,,,,,'14197497911843728412,0.0,,deny,manual,29.29,,true,true,,https://cdn.shopify.com/s/files/1/0724/9005/8008/products/spiderman.jpg?v=1686995020,1,,false,,,,,,,,,,,,,,,kg,,,true,true,,,true,,,active
spiderman,,,,,,,,,,,,,,,,,,,,,,,,https://cdn.shopify.com/s/files/1/0724/9005/8008/products/spiderman_e58789a7-8e80-4f2e-b395-f2f1f3ca435c.jpg?v=1686995020,2,,,,,,,,,,,,,,,,,,,,,,,,,,,
spiderman-5,spiderman,<strong>Ai T-shirt</strong>,Printify,,T-shirt,hidden,true,Size,XL,,,,,'21532317918092546679,0.0,,deny,manual,31.33,,true,true,,https://cdn.shopify.com/s/files/1/0724/9005/8008/products/spiderman_b0f43ca0-368b-464f-afb9-5d05be268262.jpg?v=1687351681,1,,false,,,,,,,,,,,,,,,kg,,,true,true,,,true,,,active
spiderman-5,,,,,,,,,,,,,,,,,,,,,,,,https://cdn.shopify.com/s/files/1/0724/9005/8008/products/spiderman_d68ffdac-ceae-405b-a928-d93c7b8bea44.jpg?v=1687351681,2,,,,,,,,,,,,,,,,,,,,,,,,,,,
test-product-5,Test Product 3,<strong>Good snowboard!</strong>,Burton,,Snowboard,"",true,Title,First,,,,,'123,0.0,,deny,manual,10.00,,true,true,,https://cdn.shopify.com/s/files/1/0724/9005/8008/products/44731bd4-7bc3-445d-b233-c9dc1e471f5c-0_a789ee13-74c9-42e4-b991-f811cc1aa1d9.png?v=1685691988,1,,false,,,,,,,,,,,,,,,kg,,,true,true,,,true,,,active
test-product-5,,,,,,,,,Second,,,,,'123,0.0,,deny,manual,20.00,,true,true,,https://cdn.shopify.com/s/files/1/0724/9005/8008/products/44731bd4-7bc3-445d-b233-c9dc1e471f5c-3_d3ca8ada-972b-45d1-9d8f-2214741e02ab.png?v=1685691988,2,,,,,,,,,,,,,,,,,kg,,,,,,,,,,
the-3p-fulfilled-snowboard,The 3p Fulfilled Snowboard,,vqtesting,,"","Accessory, Sport, Winter",true,Title,Default Title,,,,,sku-hosted-1,0.0,shopify,deny,manual,2629.95,,true,true,,https://cdn.shopify.com/s/files/1/0724/9005/8008/products/Main_b9e0da7f-db89-4d41-83f0-7f417b02831d.jpg?v=1677349832,1,The Third-party fulfilled Snowboard,false,,,,,,,,,,,,,,,kg,,,true,true,,,true,,,active
the-3p-fulfilled-snowboard,,,,,,,,,,,,,,,,,,,,,,,,https://cdn.shopify.com/s/files/1/0724/9005/8008/files/Screenshotfrom2023-05-2015-19-43.png?v=1684579464,2,,,,,,,,,,,,,,,,,,,,,,,,,,,
the-3p-fulfilled-snowboard,,,,,,,,,,,,,,,,,,,,,,,,https://cdn.shopify.com/s/files/1/0724/9005/8008/files/Screenshotfrom2023-05-2015-18-09.png?v=1684579464,3,,,,,,,,,,,,,,,,,,,,,,,,,,,
the-3p-fulfilled-snowboard,,,,,,,,,,,,,,,,,,,,,,,,https://cdn.shopify.com/s/files/1/0724/9005/8008/files/Screenshotfrom2023-05-2015-16-20.png?v=1684579464,4,,,,,,,,,,,,,,,,,,,,,,,,,,,
the-3p-fulfilled-snowboard,,,,,,,,,,,,,,,,,,,,,,,,https://cdn.shopify.com/s/files/1/0724/9005/8008/files/Screenshotfrom2023-05-1919-15-44.png?v=1684579464,5,,,,,,,,,,,,,,,,,,,,,,,,,,,
the-archived-snowboard,The Archived Snowboard,,Snowboard Vendor,,"","Archived, Premium, Snow, Snowboard, Sport, Winter",false,Title,Default Title,,,,,"",0.0,shopify,deny,manual,629.95,,true,true,,https://cdn.shopify.com/s/files/1/0724/9005/8008/products/Main_52f8e304-92d9-4a36-82af-50df8fe31c69.jpg?v=1677349834,1,Archived Snowboard,false,,,,,,,,,,,,,,,kg,,,true,true,,,true,,,archived
the-collection-snowboard-hydrogen,The Collection Snowboard: Hydrogen,,Hydrogen Vendor,,"","Accessory, Sport, Winter",true,Title,Default Title,,,,,"",0.0,shopify,deny,manual,600.00,,true,true,,https://cdn.shopify.com/s/files/1/0724/9005/8008/products/Main.jpg?v=1677349832,1,The Collection Snowboard: Hydrogen,false,,,,,,,,,,,,,,,kg,,,true,true,,,true,,,active
the-collection-snowboard-liquid,The Collection Snowboard: Liquid,,Hydrogen Vendor,,"","Accessory, Sport, Winter",true,Title,Default Title,,,,,"",0.0,shopify,deny,manual,749.95,,true,true,,https://cdn.shopify.com/s/files/1/0724/9005/8008/products/Main_b13ad453-477c-4ed1-9b43-81f3345adfd6.jpg?v=1677349832,1,The Collection Snowboard: Liquid,false,,,,,,,,,,,,,,,kg,,,true,true,,,true,,,active
the-collection-snowboard-oxygen,The Collection Snowboard: Oxygen,,Hydrogen Vendor,,"","Accessory, Sport, Winter",true,Title,Default Title,,,,,"",0.0,shopify,deny,manual,1025.00,,true,true,,https://cdn.shopify.com/s/files/1/0724/9005/8008/products/Main_d624f226-0a89-4fe1-b333-0d1548b43c06.jpg?v=1677349832,1,The Collection Snowboard: Oxygen,false,,,,,,,,,,,,,,,kg,,,true,true,,,true,,,active
the-complete-snowboard,The Complete Snowboard,This <b>PREMIUM</b> <i>snowboard</i> is so <b>SUPER</b><i>DUPER</i> awesome!,Snowboard Vendor,,snowboard,"Premium, Snow, Snowboard, Sport, Winter",true,Color,Ice,,,,,"",4535.9237,shopify,deny,manual,699.95,,true,true,,https://cdn.shopify.com/s/files/1/0724/9005/8008/products/Main_589fc064-24a2-4236-9eaf-13b2bd35d21d.jpg?v=1677349832,1,Complete Snowboard,false,Complete Snowboard,snowboard winter sport snowboarding,,,,,,,,,,,,,lb,,,true,true,,,true,,,active
the-complete-snowboard,,,,,,,,,Dawn,,,,,"",4535.9237,shopify,deny,manual,699.95,,true,true,,,,,,,,,,,,,,,,,,,,lb,,,,,,,,,,
the-complete-snowboard,,,,,,,,,Powder,,,,,"",4535.9237,shopify,deny,manual,699.95,,true,true,,,,,,,,,,,,,,,,,,,,lb,,,,,,,,,,
the-complete-snowboard,,,,,,,,,Electric,,,,,"",4535.9237,shopify,deny,manual,699.95,,true,true,,,,,,,,,,,,,,,,,,,,lb,,,,,,,,,,
the-complete-snowboard,,,,,,,,,Sunset,,,,,"",4535.9237,shopify,deny,manual,699.95,,true,true,,,,,,,,,,,,,,,,,,,,lb,,,,,,,,,,
the-draft-snowboard,The Draft Snowboard,,Snowboard Vendor,,"","",false,Title,Default Title,,,,,"",0.0,shopify,deny,manual,2629.95,,true,true,,https://cdn.shopify.com/s/files/1/0724/9005/8008/products/Main_5127218a-8f6c-498f-b489-09242c0fab0a.jpg?v=1677349834,1,Draft Snowboard,false,,,,,,,,,,,,,,,kg,,,true,true,,,true,,,draft
the-hidden-snowboard,The Hidden Snowboard,,Snowboard Vendor,,"","Premium, Snow, Snowboard, Sport, Winter",false,Title,Default Title,,,,,"",0.0,shopify,deny,manual,749.95,,true,true,,https://cdn.shopify.com/s/files/1/0724/9005/8008/products/Main_c8ff0b5d-c712-429a-be00-b29bd55cbc9d.jpg?v=1677349834,1,Hidden Snowboard,false,Hidden Snowboard,hidden snowboard winter sport snowboarding,,,,,,,,,,,,,kg,,,true,true,,,true,,,active
the-minimal-snowboard,The Minimal Snowboard,,vqtesting,,"","",false,Title,Default Title,,,,,"",0.0,shopify,deny,manual,885.95,,true,true,,,,,false,,,,,,,,,,,,,,,kg,,,true,true,,,true,,,active
the-multi-location-snowboard,The Multi-location Snowboard,,vqtesting,,"","Premium, Snow, Snowboard, Sport, Winter",true,Title,Default Title,,,,,"",0.0,shopify,deny,manual,729.95,,true,true,,https://cdn.shopify.com/s/files/1/0724/9005/8008/products/Main_0a4e9096-021a-4c1e-8750-24b233166a12.jpg?v=1677349832,1,Multi-location Snowboard,false,,,,,,,,,,,,,,,kg,,,true,true,,,true,,,active
the-multi-managed-snowboard,The Multi-managed Snowboard,,Multi-managed Vendor,,"","Premium, Snow, Snowboard, Sport, Winter",true,Title,Default Title,,,,,sku-managed-1,0.0,shopify,deny,manual,629.95,,true,true,,https://cdn.shopify.com/s/files/1/0724/9005/8008/products/Main_9129b69a-0c7b-4f66-b6cf-c4222f18028a.jpg?v=1677349832,1,Multi-managed Snowboard,false,,,,,,,,,,,,,,,kg,,,true,true,,,true,,,active
unisex-garment-dyed-t-shirt,Unisex Garment-Dyed T-shirt,"Comfort Colors introduces its garment-dyed t-shirt; a fully customizable tee made 100% with ring-spun cotton. The soft-washed, garment-dyed fabric brings extra coziness to your wardrobe while the relaxed fit makes it an excellent daily choice. The double-needle stitching throughout the tee makes it highly durable while the lack of side-seams helps the shirt retain its tubular shape.<br><p>.: 100% ring-spun cotton<br>.: Medium fabric (6.1 oz/yd² (206.8 g/m²))<br>.: Relaxed fit<br>.: Sewn-in twill label</p><p>Image by [theromb / Shutterstock]</p>",Printify,,T-Shirt,"Cotton, Crew neck, DTG, Men's Clothing, Oversized, Seasonal Picks, T-shirts, Unisex, Women's Clothing",true,Color,White,Size,S,,,'21529562333455454632,129.999573242,,deny,printify,38.97,,true,true,,https://cdn.shopify.com/s/files/1/0724/9005/8008/products/7fa9287faa31424bcd55062be447e074.jpg?v=1685015391,1,,false,,,,,,,,,,,,,,https://cdn.shopify.com/s/files/1/0724/9005/8008/products/7fa9287faa31424bcd55062be447e074.jpg?v=1685015391,lb,,22.38,true,true,,,true,,,active
unisex-garment-dyed-t-shirt,,,,,,,,,White,,M,,,'25705945934732486010,154.992512829,,deny,printify,38.97,,true,true,,https://cdn.shopify.com/s/files/1/0724/9005/8008/products/cf27b8117d3ea9b891dc2c2c384df418.jpg?v=1685015391,2,,,,,,,,,,,,,,,,https://cdn.shopify.com/s/files/1/0724/9005/8008/products/7fa9287faa31424bcd55062be447e074.jpg?v=1685015391,lb,,22.38,,,,,,,,
unisex-garment-dyed-t-shirt,,,,,,,,,White,,L,,,'31881111771579569037,172.002226704,,deny,printify,38.97,,true,true,,https://cdn.shopify.com/s/files/1/0724/9005/8008/products/f4a8b891ed39b9c1867cd3238f1d2dae.jpg?v=1685015391,3,,,,,,,,,,,,,,,,https://cdn.shopify.com/s/files/1/0724/9005/8008/products/7fa9287faa31424bcd55062be447e074.jpg?v=1685015391,lb,,22.38,,,,,,,,
unisex-garment-dyed-t-shirt,,,,,,,,,White,,XL,,,'27802134635043623388,215.00278338,,deny,printify,38.97,,true,true,,https://cdn.shopify.com/s/files/1/0724/9005/8008/products/af4c5459488048821bdf092f0ecc56fe.jpg?v=1685015391,4,,,,,,,,,,,,,,,,https://cdn.shopify.com/s/files/1/0724/9005/8008/products/7fa9287faa31424bcd55062be447e074.jpg?v=1685015391,lb,,22.38,,,,,,,,
unisex-garment-dyed-t-shirt,,,,,,,,,White,,2XL,,,'30895658187551030216,226.977621948,,deny,printify,46.43,,true,true,,,,,,,,,,,,,,,,,,,https://cdn.shopify.com/s/files/1/0724/9005/8008/products/7fa9287faa31424bcd55062be447e074.jpg?v=1685015391,lb,,26.86,,,,,,,,
unisex-jersey-short-sleeve-tee,Unisex Jersey Short Sleeve Tee,This classic unisex jersey short sleeve tee fits like a well-loved favorite. Soft cotton and quality print make users fall in love with it over and over again. These t-shirts have-ribbed knit collars to bolster shaping. The shoulders have taping for better fit over time. Dual side seams hold the garment's shape for longer. <br><p>.: 100% Airlume combed and ringspun cotton (fiber content may vary for different colors)<br>.: Light fabric (4.2 oz/yd² (142 g/m²))<br>.: Retail fit<br>.: Tear away label<br>.: Runs true to size</p><p>Image by [Marish / Shutterstock]</p>,Printify,,T-Shirt,"Cotton, Crew neck, DTG, Men's Clothing, Regular fit, T-shirts, Unisex, Women's Clothing",true,Color,White,Size,S,,,'22285654341309134765,125.010057172,,deny,printify,23.17,,true,true,,https://cdn.shopify.com/s/files/1/0724/9005/8008/products/2c659906a228df35748093c157fe5ba7.jpg?v=1684927316,1,,false,,,,,,,,,,,,,,https://cdn.shopify.com/s/files/1/0724/9005/8008/products/2c659906a228df35748093c157fe5ba7.jpg?v=1684927316,lb,,12.91,true,true,,,true,,,active
unisex-jersey-short-sleeve-tee,,,,,,,,,White,,M,,,'45025837370757585756,131.99537967,,deny,printify,23.17,,true,true,,https://cdn.shopify.com/s/files/1/0724/9005/8008/products/f48cd43f2078f02d61d12935aa515bcd.jpg?v=1684927316,2,,,,,,,,,,,,,,,,https://cdn.shopify.com/s/files/1/0724/9005/8008/products/2c659906a228df35748093c157fe5ba7.jpg?v=1684927316,lb,,12.91,,,,,,,,
unisex-jersey-short-sleeve-tee,,,,,,,,,White,,L,,,'28971664026971534768,146.011383903,,deny,printify,23.17,,true,true,,https://cdn.shopify.com/s/files/1/0724/9005/8008/products/b7765c9cb0ccd17267d0be77b8cff9d7.jpg?v=1684927316,3,,,,,,,,,,,,,,,,https://cdn.shopify.com/s/files/1/0724/9005/8008/products/2c659906a228df35748093c157fe5ba7.jpg?v=1684927316,lb,,12.91,,,,,,,,
unisex-jersey-short-sleeve-tee,,,,,,,,,White,,XL,,,'12715455985070803991,191.007747007,,deny,printify,23.17,,true,true,,https://cdn.shopify.com/s/files/1/0724/9005/8008/products/9c394f9456ad71b677eb1ec59ae949d5.jpg?v=1684927316,4,,,,,,,,,,,,,,,,https://cdn.shopify.com/s/files/1/0724/9005/8008/products/2c659906a228df35748093c157fe5ba7.jpg?v=1684927316,lb,,12.91,,,,,,,,
unisex-jersey-short-sleeve-tee,,,,,,,,,White,,2XL,,,'14663215931089864835,194.001456649,,deny,printify,27.20,,true,true,,https://cdn.shopify.com/s/files/1/0724/9005/8008/products/cfcb5e7c0e5361ef1f52fce58ebcd957.jpg?v=1684927316,5,,,,,,,,,,,,,,,,https://cdn.shopify.com/s/files/1/0724/9005/8008/products/2c659906a228df35748093c157fe5ba7.jpg?v=1684927316,lb,,15.32,,,,,,,,
unisex-jersey-short-sleeve-tee,,,,,,,,,White,,3XL,,,'20364971362429051903,203.980488789,,deny,printify,31.80,,true,true,,https://cdn.shopify.com/s/files/1/0724/9005/8008/products/07b0582385e8959d71ad4e695f323181.jpg?v=1684927327,6,,,,,,,,,,,,,,,,https://cdn.shopify.com/s/files/1/0724/9005/8008/products/2c659906a228df35748093c157fe5ba7.jpg?v=1684927316,lb,,18.08,,,,,,,,
unisex-jersey-short-sleeve-tee,,,,,,,,,,,,,,,,,,,,,,,,https://cdn.shopify.com/s/files/1/0724/9005/8008/products/a2fb0331cf5492fa6cc7c4fa0a140b4b.jpg?v=1684927327,7,,,,,,,,,,,,,,,,,,,,,,,,,,,
unisex-jersey-short-sleeve-tee,,,,,,,,,,,,,,,,,,,,,,,,https://cdn.shopify.com/s/files/1/0724/9005/8008/products/f52c87e5ffe79ebd7b390822b7480319.jpg?v=1684927327,8,,,,,,,,,,,,,,,,,,,,,,,,,,,
unisex-jersey-short-sleeve-tee,,,,,,,,,,,,,,,,,,,,,,,,https://cdn.shopify.com/s/files/1/0724/9005/8008/products/c11842b8e4322d6cf8dcac4168454920.jpg?v=1684927327,9,,,,,,,,,,,,,,,,,,,,,,,,,,,
unisex-jersey-short-sleeve-tee,,,,,,,,,,,,,,,,,,,,,,,,https://cdn.shopify.com/s/files/1/0724/9005/8008/products/30be80b3012105a2c72cabfb23970f88.jpg?v=1684927327,10,,,,,,,,,,,,,,,,,,,,,,,,,,,
unisex-jersey-short-sleeve-tee,,,,,,,,,,,,,,,,,,,,,,,,https://cdn.shopify.com/s/files/1/0724/9005/8008/products/c2529084d57d1678eda36cbb7ec0ae16.jpg?v=1684927334,11,,,,,,,,,,,,,,,,,,,,,,,,,,,
unisex-jersey-short-sleeve-tee,,,,,,,,,,,,,,,,,,,,,,,,https://cdn.shopify.com/s/files/1/0724/9005/8008/products/c295376fb94d928365272bb4e38d5fb4.jpg?v=1684927334,12,,,,,,,,,,,,,,,,,,,,,,,,,,,
vampire,vampire,<strong>Ai T-shirt</strong>,Printify,,T-shirt,"",true,Size,M,,,,,'80317373298405249977,0.0,,deny,manual,18.62,,true,true,,https://cdn.shopify.com/s/files/1/0724/9005/8008/products/vampire.jpg?v=1686574871,1,,false,,,,,,,,,,,,,,,kg,,,true,true,,,true,,,active
vampire,,,,,,,,,,,,,,,,,,,,,,,,https://cdn.shopify.com/s/files/1/0724/9005/8008/products/vampire_d28aec2d-fa78-47ef-a050-c9a1090fcb19.jpg?v=1686574871,2,,,,,,,,,,,,,,,,,,,,,,,,,,,
